Dimension,k_neighbors,svm_linear,svm_radial,decision_tree,random_forest,multi_layer,ada_boost,gaussian_nb,average
2,0.6,0.555,0.6,0.6025,0.6075,0.5875,0.6025,0.58,0.591875
4,0.5575,0.545,0.555,0.5475,0.5525,0.54,0.555,0.5575,0.55125
8,0.805,0.8375,0.83,0.8325,0.8675,0.855,0.8525,0.84,0.84
16,0.67,0.725,0.6975,0.725,0.7625,0.75,0.7125,0.75,0.7240625
32,0.7225,0.8725,0.8575,0.88,0.8725,0.865,0.87,0.8625,0.8503125
64,0.6725,0.9025,0.9025,0.8675,0.8825,0.895,0.8625,0.84,0.843125
128,0.5975,0.9125,0.855,0.845,0.92,0.9175,0.8825,0.9,0.85375